user_id,book_id,rating_predict
281,2461928,9.999993
1250,31957,0.000099
4241,196603,8.719367
5140,468894,1.862487
7781,2141951,0.016405
8391,4684864,0.017368
13350,2927125,5.921118
13680,2712011,0.004438
13810,2450736,9.998667
14950,531001,7.052968
14990,3262102,6.825983
15651,634493,8.094403
15710,2145220,7.824261
15760,1251642,0.000052
16510,2121783,9.700602
16711,1352957,6.434751
16751,3802522,0.005886
17450,479190,8.939802
17531,3836839,8.522140
18110,2599190,6.212587
20080,614433,8.258338
21671,1612347,9.998197
24231,2762412,7.802847
25190,2129220,7.026740
26301,482039,8.065721
26670,1341085,0.011567
26851,2577789,9.535620
27991,2141884,0.001010
28231,173943,4.381941
28270,195089,1.656909
28951,2770245,8.594818
29361,436461,8.723207
29700,3991237,8.512622
30160,1292056,0.017368
32451,2215245,6.887259
33340,1722927,8.606167
34041,2423293,6.791771
36270,4603603,0.017368
37081,2694951,7.665799
38661,763349,1.781112
39411,1354194,7.746106
39541,1750748,9.307519
39881,306521,10.000000
40330,2578149,0.017368
40520,489872,1.892961
41150,4625218,1.161837
42150,473926,9.997248
42410,2141871,6.780860
42511,132629,8.769311
44861,442320,6.934517
46650,194451,9.999999
47410,2467103,8.014043
48221,188442,0.869918
48890,261421,8.272151
49261,131228,1.701822
49380,2425135,0.198152
50691,492895,1.148752
51041,2276715,8.365463
51630,901731,8.705607
52680,195678,6.980874
52741,2484967,1.197784
53811,496731,8.561855
54711,2231627,1.276134
54911,1577474,8.584799
55161,1947821,8.102626
55171,3789592,0.000035
55251,2463719,7.989515
55470,1726328,5.977818
55861,2522356,9.047147
56360,2443326,4.907393
56410,3801229,0.000063
57591,212216,9.519966
57711,327556,8.377195
59011,5175577,1.926545
59130,1118435,10.000000
59260,5069705,1.688672
60390,6222,9.874786
60520,2818720,1.602876
60521,986524,1.500442
60730,5075707,0.000009
61020,117529,8.581181
61560,5194960,0.620486
61691,2266658,9.996216
62090,2604131,8.000180
62451,2435077,8.813592
63830,2301271,7.838030
64000,2287253,7.990875
64080,1083718,7.087687
64530,1462245,5.774990
66320,2279501,8.439978
66860,2482997,7.579332
67000,2573148,1.173142
67350,2209477,0.017011
68131,4289227,1.573721
68790,1610935,7.533702
69580,3182068,8.794669
69711,2588792,1.621637
72241,2532359,1.338278
73081,3786424,5.616211
73301,986032,9.096028
74030,4564129,0.733097
74200,3741640,9.834311
74571,2212149,7.774634
76211,313514,6.171014
76220,2300478,9.998467
76811,432544,6.827111
78640,1636917,0.000603
79031,1201840,8.295059
79070,4018180,6.006200
79100,2229477,0.032430
79380,3766759,8.649494
79851,562680,8.775158
80320,1709068,6.870497
80530,4582423,1.280854
80861,1523651,4.227710
81450,2316186,8.711133
82160,4612210,0.001973
82490,476483,8.586334
83960,306445,7.895022
84471,484227,1.578839
84801,6017890,7.543566
84910,25357,8.800014
85231,4148959,1.172719
85321,2690529,7.390339
85430,2343168,5.999655
85580,3785716,8.783589
86020,3593470,7.934374
86070,1751584,5.122313
86261,5119510,0.000062
86470,128220,7.900822
87071,713520,0.012774
87860,692712,6.601089
87891,4794718,1.733560
88321,2527562,5.979504
88751,4811725,1.979520
89561,2362532,8.445398
89581,2546856,2.093114
90121,2577789,0.847796
91421,504193,8.775906
91441,1339374,8.824752
91690,422,4.957146
92030,1242504,0.017368
93041,4752370,0.000088
95610,2391185,1.160934
95691,313787,8.227075
96241,477223,0.003585
96361,1853932,9.552156
97300,1333065,1.891153
97921,568079,9.316228
98071,4183999,7.295659
98401,2012,8.537535
98911,35960,3.584881
99511,181149,9.308711
100090,612487,1.265821
100770,449072,9.283471
102621,2571359,5.445561
102640,3465649,8.828159
102770,3768418,9.045906
103041,2531639,0.007812
103490,472043,0.017368
103850,103863,9.997159
103860,316084,5.810600
104111,2712011,0.004438
104461,129739,8.351869
106071,1956388,7.048026
106150,5144353,0.017368
107391,2575859,9.998327
108590,243334,0.688486
108961,2401452,0.000029
109040,214879,9.473899
109061,2320592,9.018321
109111,183602,8.374952
109350,7209358,9.999170
109651,778484,6.050204
110240,4360447,2.088781
110400,2599190,9.841649
110580,1079,7.132385
110601,911676,9.061625
110610,4741048,9.891245
110631,1806628,7.132435
110871,2610042,9.019825
110900,216878,7.536073
112441,5146501,0.001009
112630,858237,7.245506
112801,2321956,7.978775
112821,313249,6.784953
114131,4412509,0.000046
114190,309421,8.523937
114260,3863911,9.867272
114681,3144355,1.326458
116110,868187,7.205195
116120,481522,1.579744
116540,2081705,1.637069
117211,494407,9.999902
117301,2989726,8.770155
117361,931342,8.129060
117431,5168251,9.999325
117491,471599,7.276552
117621,314177,9.893167
118861,4018180,7.017029
118961,120160,3.634935
119901,1444766,0.001530
119981,2242925,1.203492
120750,2286863,4.015940
120761,2215231,4.053446
121171,2318816,3.307780
121980,1288384,5.519714
122220,1353581,8.261872
122321,2608564,2.641745
122441,2209477,5.910743
122600,264330,0.000125
122641,4879087,1.515405
122851,4177156,7.576384
123210,2145940,8.744537
123531,5075125,1.179174
123840,535707,7.695582
125330,2467103,8.620838
125400,2273687,8.001486
125511,466232,9.999499
125620,2145175,8.716270
125870,546726,0.000071
126781,2596602,8.149562
126920,2694951,5.970207
126931,2377730,0.017368
127841,1030757,0.000456
128390,859217,0.002369
128511,1442680,9.530311
129711,2458140,8.932447
129970,1299424,0.000039
130031,1206977,3.748538
130710,453415,6.237340
131100,4908796,1.184323
132541,2287671,8.738462
132711,5118154,1.598146
132771,2388495,8.002203
132950,4370989,1.623954
132951,1239169,0.002766
133210,2486590,6.569315
133780,2486212,0.004831
133791,2085591,1.961891
134151,5040484,1.763831
135041,3766759,8.747216
135400,2737696,7.996931
135620,3954634,8.700554
136081,4183999,9.057137
137231,2260524,7.157446
137381,4827193,6.921196
137500,1817250,4.717015
137601,4681675,1.464066
139371,170101,1.267822
141230,534430,8.574981
141320,2577789,0.393558
141441,681470,9.133197
142221,3763261,1.862487
142250,800684,8.147684
142670,4181938,0.743864
142931,2388329,10.000000
143241,4533115,0.745660
143471,1214445,7.374345
143881,447190,6.000079
144650,1338181,0.000685
145061,122216,1.940060
146370,4631686,1.532954
147750,2883814,9.688903
148191,4432252,0.001065
148840,196603,8.672028
148890,103890,6.780263
149471,573666,9.713407
149560,471599,7.770597
149670,4552675,0.062458
150390,2139892,9.466269
150400,2391039,8.034005
150680,2251427,7.825896
150971,872931,3.292884
151111,484504,7.551695
151121,28666,0.000592
151990,34091,8.049329
152101,4412509,0.017368
152170,4295821,7.316095
152611,3040795,8.372379
153030,129634,0.000263
153081,537558,9.999333
154291,3693118,1.144771
154851,1281472,5.601182
155271,2205227,6.256470
155281,829127,9.454826
156241,1918003,6.935850
156371,2260199,8.201438
156390,4268950,9.999348
156670,1932068,8.561089
156980,2484994,7.349547
157221,822326,9.118789
157440,498948,8.777557
157551,1000352,8.204779
158830,2272902,0.722145
160011,2279417,7.777756
160131,2575023,8.037899
160170,673411,9.250899
160360,3893974,9.418151
160371,2430403,7.817377
160510,2071570,7.991053
160741,31876,6.507372
163161,4421068,9.999827
163400,464534,7.496007
163631,3891124,0.000208
164031,460023,5.417593
164170,4096036,9.353236
166010,2577091,9.420108
166191,2392274,7.822815
166941,428685,8.450487
167021,462665,7.433205
167200,447103,6.355476
167450,452117,3.999952
167610,1510247,9.781072
168160,1326209,8.434424
168520,2579670,9.053491
168551,2381753,7.870494
168981,487276,0.000227
169200,2208241,9.999662
171081,2251382,7.208266
171410,2391259,4.331090
172571,15656,2.972770
172890,5220760,0.000323
172951,36221,0.000483
172990,305091,8.126451
173070,2078915,5.860830
173121,4877545,0.017368
173501,389215,9.280668
174010,4552675,1.448102
174190,443517,1.268280
174401,2879581,6.003625
174700,321150,0.852797
175101,3174277,1.598146
175500,2071831,3.733924
175690,201483,3.298499
176640,2525028,7.766990
176700,1271808,8.271952
176741,4020370,1.537401
176750,4311490,0.017368
177511,311267,7.048026
177681,2471471,9.582015
178071,2482461,9.253237
178091,4741048,9.997268
178390,2180196,5.755468
179720,2273687,5.451208
179830,800684,7.564545
179940,356451,1.273315
180750,4005610,8.861126
181480,438672,1.238588
181510,2256539,0.017368
182561,2277015,7.474849
183081,463784,1.786939
183231,1552736,8.000205
183730,1796985,3.066563
183860,2259706,0.017368
184741,459282,9.341265
185000,2382555,4.640818
185320,1354988,9.046723
185950,1829938,6.523071
186450,162458,5.601157
187570,2204362,3.964058
188461,2600001,9.425680
188641,481572,7.851208
189851,3448510,0.017368
190181,644525,0.000702
190650,402609,7.897477
190900,1046376,9.071608
191450,2139892,6.170115
191711,4075519,0.000047
191811,460012,7.721042
191921,4018180,6.374709
192300,2610500,7.922999
192551,2476171,9.368273
192641,2550430,8.360395
192701,1650579,5.451208
193061,215689,9.633572
194640,468013,7.030315
195341,2341532,5.831026
195961,4595326,1.206666
196010,253112,9.276975
196801,2215214,7.567903
197080,2604421,0.002411
197110,4673368,0.702721
197441,2543439,1.186273
198871,4943551,1.638409
199020,2063519,9.996504
199950,2473078,7.677194
200500,2340191,8.756079
200971,2427627,8.501063
200980,2334724,9.826508
201100,2942662,1.510360
201121,4025413,1.359194
201190,387779,6.897184
201601,2600366,8.505650
201620,28498,7.523859
201660,541600,8.148358
202071,166554,8.885645
202151,1185181,7.388273
202481,3884554,0.002685
202771,3916879,8.571474
204210,3228,4.907802
204451,1798025,8.720580
204561,145925,8.828475
205040,3307879,7.996470
205201,2599190,8.531468
205951,625273,7.213716
206130,2302653,8.623523
206241,850123,7.150876
206420,2438898,3.963185
206570,9695,8.721278
206860,2371874,8.277191
207150,840112,5.451208
207540,312722,0.759078
207710,414903,1.743343
207751,4238251,3.671352
207790,2131332,8.294639
208230,2694951,7.711825
208650,2854876,9.868073
208760,1826129,4.461610
208950,1389198,0.074655
209920,320876,0.000394
209971,4268815,0.001556
210401,1868694,6.904541
210541,561983,8.530709
210561,716862,6.658351
210941,2372787,1.507928
211131,454135,5.652084
212161,538751,7.568570
212341,2466103,6.969731
212350,3908170,1.465984
213001,541497,8.842891
213090,2528013,1.144244
213410,693650,8.210049
213950,2854876,9.341742
214221,2404808,0.015784
214300,5168,5.807410
215210,1130783,6.658075
215301,127232,1.542864
215510,5992732,6.976843
216060,2595480,6.973029
216311,355439,1.581617
216530,490080,0.000962
217081,2737394,0.004022
217411,212216,0.002700
217611,1004181,0.000060
217860,4311712,0.000878
218611,931342,8.264890
219500,8467358,8.086193
219851,4396336,0.520583
219980,1277744,6.336327
220931,2560622,0.017368
221411,8369,2.719221
221950,308428,0.001171
222591,261524,8.262073
223341,1198693,4.811493
223760,478773,0.012955
224191,2447140,0.027200
224341,2391405,0.000316
224491,2285934,7.736505
225340,2368374,3.972995
225600,324393,0.000704
225791,2256249,8.222651
226141,3442753,0.017368
226491,449930,8.117456
226711,3113920,8.039375
227021,2141878,8.049091
227091,1242,6.635274
227161,3113920,8.783905
227351,2141951,7.815175
227440,424004,7.305146
227521,2381753,7.271078
227530,433138,0.000729
227921,435689,5.380343
228910,491287,9.523521
229460,1738984,9.605518
229621,374583,7.994278
230450,4251175,1.592229
230720,5941771,1.300964
230851,5679028,0.003278
231280,2912968,1.409192
231510,3795157,8.126467
231690,2854540,7.397324
231881,1469286,9.079852
232370,717,5.510974
232611,15311,8.620900
233250,99875,5.986589
233511,19071,7.236548
233860,2077927,9.773104
234470,273610,3.673878
234901,326664,8.052405
235121,6034,8.777471
235171,1720918,7.682658
236180,1100180,3.437282
237030,305091,8.713053
237191,5240974,1.292485
237320,3758968,9.999658
239110,1274157,7.989625
239121,482090,8.001241
239561,2753592,7.501577
239660,2145226,9.329854
239710,314889,8.238328
239930,308125,7.797243
240031,462548,7.654236
240490,230222,8.790849
241811,2927122,8.698459
242281,25357,9.298025
242290,504685,0.000031
242550,1767667,0.000039
242971,1079,6.671811
243221,2576730,8.857893
243501,2435139,8.677090
243751,2579670,9.999551
243871,18790,5.867723
244010,1198519,7.597257
244091,3441835,9.349939
244191,2308809,8.403501
244320,460790,9.083048
244761,2477635,9.999666
244951,714189,8.092562
244971,5075125,2.088781
244990,1271808,7.748126
245240,471655,6.571392
245720,307196,2.093114
245881,2198457,7.410105
246280,2476538,7.998977
246641,461022,0.004263
246770,1753316,8.696841
247231,449623,9.999999
247851,514610,7.944742
248091,122054,8.232304
248490,2464530,0.000037
248671,4641646,0.355210
249090,2372666,5.953934
249570,763611,2.093114
249630,1250114,0.017368
249720,4421068,9.994507
251211,3727723,9.999666
251250,573120,9.053582
251410,5119,8.480650
251600,2473942,9.999978
251990,982417,8.073433
252040,304476,0.317059
252550,2106490,7.950812
253001,691004,8.868404
253761,469966,2.093114
254121,982720,1.870205
254280,681470,8.424526
254461,1546667,7.583231
254500,2344017,8.516745
255161,273772,8.441452
255381,1730066,7.996910
255700,4127287,8.422571
255711,1836656,9.987847
255901,2378091,7.812176
255920,485341,8.155227
255931,2238727,1.146087
256290,625734,8.243047
256340,999574,8.522798
256781,2286120,6.984524
256860,2300795,5.872606
257041,2600366,0.062413
257331,5108425,0.017368
257551,2297476,2.621586
258471,2221677,8.362694
258491,1354194,6.697950
258631,2259919,8.005079
259320,2450614,7.564753
259450,3853429,0.658124
260430,1826143,9.401989
260940,461023,0.010531
261340,2470824,7.798569
261551,459282,8.879168
262251,826458,7.786134
262620,464946,7.938122
262720,4029277,0.000440
262760,3954850,1.955743
263391,2340891,6.818404
263440,229709,4.845374
265481,4876090,1.176148
266530,2604672,6.430997
267521,2580260,9.584233
268550,226126,9.008345
268651,314889,6.597978
268790,2409026,5.959136
268861,5039041,0.017368
268991,2426709,8.537072
269020,6447652,0.867316
269061,6841975,7.940650
269361,4394638,1.272473
269481,7078906,6.857980
269500,975284,8.701890
269540,22695,7.045626
270311,305091,7.230147
270491,5036077,0.789162
270750,1415586,8.495300
271090,901725,7.414462
271710,2318061,0.003660
272100,1273027,4.624070
272311,2436870,8.452825
273230,1609097,8.754852
273850,1253683,9.999444
274771,502441,5.965138
278861,304531,2.378798
279461,2856001,8.036587
279580,511816,6.204641
279940,1552732,8.240887
280721,4757194,0.000043
281471,3083248,6.194084
281531,468389,9.999402
282750,4387630,2.088781
282941,232739,4.101039
284340,4143616,0.000039
286610,3877819,1.118483
287781,2214808,7.773779
287991,2216183,8.217262
290920,493188,9.538584
293591,3103204,1.182612
294480,470346,9.050535
295291,2291653,9.314465
296740,842340,0.000035
297470,387779,6.072746
299441,6841975,9.224060
300190,1350395,8.213291
301720,2463962,8.476275
302910,1077459,0.013752
303021,2427684,6.716924
304091,485720,9.457111
306890,1389198,8.559847
307100,1339176,6.478199
307151,2854876,9.018262
307791,2602455,1.967630
307800,8336450,0.002183
309371,1118435,7.197737
309841,1326209,8.369870
310530,875930,1.543142
311001,4421068,9.998409
311111,830798,1.180447
311610,1812537,8.137530
312350,916431,9.639543
313011,1774131,4.619889
314091,32273,7.551180
314621,2273023,6.436658
314710,31099,8.027748
315091,1689260,0.643317
315511,328097,8.857998
315580,4570615,0.005365
315951,1097356,1.179448
316270,312058,6.971328
317330,3174526,6.749987
317520,2531639,8.827030
317631,99886,6.856474
317641,4127287,8.108205
317881,4020766,7.997683
318180,2277007,8.549448
318360,672166,6.550027
320341,446448,0.003367
322881,1957553,8.511660
324900,2895571,0.017368
327180,1139781,1.862687
327950,2770245,9.727549
330601,1362074,9.415223
332071,364144,8.494505
333361,2141878,8.894798
335250,954946,5.812197
336000,1281957,4.083481
336441,103890,9.157884
336450,2543486,9.074544
337561,130794,0.112733
337600,5220724,7.871783
337891,98184,4.760082
339050,479829,6.520876
342291,7251913,1.465565
342360,2463590,7.268187
343431,4696876,0.001883
343591,2918407,1.172967
343620,244853,0.001240
344110,2001351,1.261786
344191,4731400,1.593922
347090,97428,8.718981
347811,2107,8.640226
351800,1198693,8.164825
351870,2482917,0.000032
352390,1266045,3.853004
352430,477264,9.089277
352700,4897,5.452189
354541,4018594,0.000024
357080,4542781,0.957867
357260,102172,7.916262
357711,2254200,8.584822
357761,305091,9.999855
360751,501632,8.409518
361950,840500,8.506868
364420,533126,1.949637
366020,160,8.005315
366901,1326165,6.446529
369020,851099,1.507694
369321,2596683,6.800199
369890,869386,1.255799
371271,4073185,7.999960
373620,2474323,6.056862
374171,4336795,0.017368
377000,459282,9.574450
377020,305514,7.005573
377540,2273648,4.723135
378031,1957553,8.649558
379080,4005634,1.174364
379151,2528326,8.000120
381051,3036901,8.741432
382380,1332296,9.475475
382481,3756355,0.003447
384550,2232796,7.788921
385211,2287669,8.376430
388170,459282,8.952610
389831,265140,7.998667
393551,2450614,0.013039
395040,620988,2.093114
396281,5041,7.622891
397530,435903,6.101998
397881,3952804,1.189347
398641,310397,8.525512
398701,1350395,7.933704
399481,167270,0.017368
405681,2866666,7.529216
405890,214961,8.776611
406191,220841,8.325422
407011,1703854,5.379687
407031,3739819,9.999994
408351,445931,2.093114
409751,309002,7.401435
410740,1923674,0.003252
410831,1436216,6.981863
413790,842801,7.733937
415430,1881560,8.634155
415581,1325234,5.405096
417891,851093,2.093114
420040,104148,9.373885
422991,4414693,8.121915
425161,2693031,8.025589
426661,2525028,8.708334
427280,2311691,8.378951
427590,1197306,6.760017
427951,2353702,5.757434
428290,3465649,6.953565
429401,986423,8.906366
429820,2348687,8.813085
431391,4552681,0.003247
437220,5063497,0.000057
437711,840500,8.333084
439461,4396336,0.017368
442670,866537,0.006774
444290,2204362,0.002374
444900,2467103,9.038047
450700,254054,9.999681
453320,5095009,0.731680
453471,2131332,8.796856
454630,2446042,8.745156
454881,845896,7.562773
455700,122606,6.002331
459390,2574955,7.139685
461830,399572,8.586878
466351,499892,0.017368
468800,2925391,6.976843
470330,2435952,6.752922
470410,315410,10.000000
476691,2473078,10.000000
483490,2448177,7.677218
484001,2854540,5.438464
485041,2334458,9.825203
488121,4012591,1.316523
494140,2444584,6.814658
497541,2372666,8.845045
501321,480547,8.055610
501410,4528615,0.017368
503101,2214811,0.022547
505131,122843,2.093114
508310,103530,0.000042
510570,3534970,9.998691
515560,862842,6.589874
528270,1319281,8.185311
529320,389215,5.603599
529411,1720918,0.059103
531121,2145261,0.066922
533860,5165923,0.017368
535410,2351682,8.514664
536591,1340407,4.227710
537430,2167097,6.519713
537710,579714,6.959908
541181,2524593,9.005630
541501,2456705,1.277823
541700,4182373,6.795023
545040,15088,9.999829
547491,1787350,7.965221
549610,592415,0.001524
550471,3730612,5.998566
554641,2480706,7.287825
556230,892049,8.881025
557470,2467103,8.491010
558041,130794,8.236389
561951,644645,9.998129
564201,2204362,9.999662
565490,2577789,8.409586
569771,261545,8.384535
569860,4400638,0.000014
580550,2930800,8.056141
581711,1858824,9.999765
592411,4000258,7.727418
592451,1726513,6.729835
595691,3852478,4.997321
595790,3088066,0.000100
599521,2312450,7.562462
602600,1819862,7.368162
603250,2856193,5.990715
603551,458591,8.773147
606281,822326,8.739067
606841,2476107,8.596564
607021,1154948,7.715670
607681,647093,0.742612
607921,4873261,2.088781
608230,1679042,4.188545
608610,4352317,1.605432
609271,361725,8.226071
609660,1796985,8.586063
609920,4148833,0.003366
610391,546185,8.096294
610891,282223,9.995073
611200,424004,8.258550
613041,2381263,0.713765
613151,3730774,0.017368
613651,304786,8.937554
614611,10890,9.999996
615741,839851,8.456510
616451,4181938,0.709681
617691,3082987,0.017368
617860,1625598,0.000045
618120,4187119,1.633585
618231,4645801,0.017368
619001,496089,2.379131
620361,677106,9.999878
621251,1918727,2.613400
623060,1957073,0.003579
623781,5221645,8.655664
626500,4020310,1.046224
626610,197409,4.993089
626620,2375878,9.812381
626621,2145228,9.998760
626901,323354,0.332546
627391,30117,9.057408
627600,826078,7.896336
631271,1354988,7.754988
634101,1281957,8.802316
634691,1819862,0.005033
635551,2341451,9.388902
635590,4421068,9.998827
636831,3895942,9.970909
638641,3262102,7.967052
644271,471978,1.468169
649060,2254200,5.163146
650320,1295449,7.927924
653091,2254200,9.241695
657810,2599190,8.876313
657861,2456197,5.341807
659091,3836728,5.832209
661070,33078,0.034116
661631,2287669,0.006690
663191,3956947,5.451208
663611,2261085,8.714897
664191,5158702,10.000000
667690,395324,9.113199
668651,2216045,9.247384
668821,2600366,9.756513
669080,2408030,0.000352
669250,571911,8.578150
671051,2344040,6.001411
672540,32964,9.276510
672990,2279426,0.027031
673810,2254200,9.212090
674130,873287,8.257698
674560,281919,5.125596
675840,5186470,6.267790
677571,2283303,9.222765
677861,2463719,8.851807
678831,7303735,6.976843
680751,4304347,10.000000
684470,2157809,9.224822
688751,2349047,5.685733
689031,2334513,7.996068
689800,220837,8.334520
689920,2217790,7.849268
690410,1956164,1.144965
691860,2952271,9.091414
693560,272183,0.017368
694711,244328,9.330558
698921,2759493,6.045093
700080,1350395,7.414178
701710,454746,1.599535
701741,1098150,9.996119
702890,2460999,8.535725
705010,1383813,0.017465
705970,5332672,1.643167
707710,2236358,9.998229
710520,2207103,0.019441
711591,2224056,7.999790
712201,2599288,0.000109
712770,2438238,5.334235
713561,1123680,6.776067
718180,2409026,4.334334
719751,2248860,9.171930
719870,7739588,6.368880
721721,1897536,8.762139
724531,839851,8.759808
725381,2909287,1.113147
725831,2575584,1.534794
725950,120846,9.541850
727991,2930800,7.997632
729491,1280602,1.775516
729670,1721523,9.947860
730391,2473078,7.846084
730411,5690488,6.490929
730921,2341451,8.536553
731961,1786160,9.086674
732491,19038,0.000034
734061,2212447,4.816049
734701,1819862,8.013326
735140,36960,8.565837
738251,3758968,6.976843
738521,2141951,8.681158
739601,1330525,9.999667
741351,491287,7.418093
741400,2123069,9.029285
743321,218103,3.279064
744050,1345763,7.003925
746141,196603,9.633389
750520,2327753,0.000250
750561,2338877,4.866037
752741,28642,8.821941
753661,2988286,9.109806
755140,2423293,6.759528
755491,1941429,8.566232
756470,4300483,0.000289
756500,6299320,2.088781
756811,2251423,8.095330
758760,584,8.379944
760361,2431816,0.002105
760761,2993428,1.369832
760920,2575023,7.498997
762011,25357,6.339438
765261,2225151,0.327792
766471,1240867,7.527007
769220,317,8.444360
769600,1674094,8.891717
769671,2128059,7.653540
772100,488981,0.000067
773891,7102447,0.020792
774041,504193,0.005300
774471,1338152,9.677438
774520,1730510,9.998064
774540,2254714,6.003612
775160,2348137,8.800268
775230,1923818,9.999778
775611,433856,8.565899
776040,9427,0.009107
777041,4227847,0.000038
777771,2539301,8.994108
778061,478939,7.678576
778790,6039676,7.987846
778910,5321515,9.284437
779190,424004,6.255544
780210,2893579,4.421027
780260,1204668,0.000744
781680,2588406,9.212607
782291,4621750,0.864680
783170,2595422,8.075345
783450,2449615,6.734506
783741,2470650,9.040005
783881,1363237,1.645036
784401,1446974,0.019367
784561,2286863,9.473189
784610,479829,0.024042
785721,4421068,9.827949
786150,130794,8.065612
786711,441119,0.035121
787190,719748,9.997533
788021,125912,7.487709
788380,2113879,8.508067
788930,4782199,0.001245
789131,493936,7.600763
792940,24606,7.997606
793261,5142181,7.963775
794031,2606099,7.781975
795071,2879581,6.003747
795190,2444108,9.998889
795820,2390160,9.105838
797031,323172,1.981190
797460,1281959,9.828248
797591,4199539,8.344199
800180,9746,8.688119
802750,2234272,1.700455
804960,4860706,8.805954
805021,196603,9.668028
805161,2525634,8.103402
809271,2424823,8.687693
809970,1197767,9.988756
810131,551368,7.550128
810251,4967446,1.134627
810290,1240867,5.359520
810760,4741888,0.002209
811770,1933059,8.564297
815221,463181,5.192549
815280,573666,8.964595
815641,2599190,9.999996
815890,2604421,8.783423
816281,4659631,0.001023
818641,321186,7.192442
820281,123435,0.000067
820320,905945,9.309697
820731,455374,1.796271
823370,1723866,8.029338
823431,3693229,9.999318
823720,2231609,0.033259
823801,2540482,4.145000
823991,2866666,7.747215
824281,2482868,0.017368
825111,2191583,8.074367
827040,152915,0.740695
830610,1902534,9.369986
830701,2268254,1.389125
830940,13295,0.017368
833321,2324521,4.228847
834281,2371625,0.000932
834720,4528615,1.547826
836160,2864224,0.000071
837040,1609097,7.952508
838631,2197478,8.278591
841531,3834205,7.320730
842821,1122607,7.803802
843591,5146285,0.855998
843750,2295424,7.349594
843871,3160264,2.089731
844360,690802,9.315783
845780,112373,9.999638
845880,2580152,9.206151
846760,520845,7.555310
848261,441905,7.140363
848471,3796639,8.007846
851971,8467358,6.894879
852091,220837,2.375414
852350,445212,3.195756
852610,261647,9.999987
854741,4582966,0.017368
857010,2485642,8.908074
857030,1239169,7.416604
857501,2575669,9.993998
857961,532849,0.000038
859540,2588406,0.005277
860370,3095038,9.672604
862191,306116,0.001673
863141,3693046,8.346789
864390,2571359,8.446883
867151,114116,7.572066
867781,2525634,8.720613
867791,8467358,7.817792
868231,877540,8.937563
868590,386964,7.647379
870440,1227904,7.434714
871370,2254913,7.963883
872411,2214808,2.563093
872780,3449974,8.403501
874990,2429099,9.998041
875420,466560,6.278158
875621,452668,0.013094
876390,5252320,7.997683
876990,1202394,8.743593
879540,38618,8.570598
881831,4421068,9.999983
882111,1100180,8.612616
883471,4421068,6.976843
887281,1609097,6.937587
887541,449150,8.735445
892170,481608,0.017368
893191,195024,9.180688
893761,465230,7.999333
894241,2448177,7.118366
895380,307583,7.999112
895461,863676,0.000665
896040,420807,7.176466
896601,314889,3.090461
898531,1117456,3.818264
900491,523498,7.048026
900751,168292,0.000269
900950,198804,0.000037
901340,877575,8.927959
901430,4018180,6.162495
901700,4177156,8.612053
902210,309421,8.618589
905671,402609,3.511501
905741,5630,7.830261
907360,857579,6.645500
907460,305222,10.000000
911691,3989056,5.668723
913070,3905386,0.007363
914150,3006487,9.999999
914941,886105,6.666457
915050,465224,8.973166
915351,314415,10.000000
916900,2372666,8.464672
917090,1056685,0.003401
920580,2550055,7.673575
924361,2248270,7.999606
924970,447400,8.646333
925151,2301271,7.174278
927241,801289,2.093114
928371,564064,0.000663
930081,2474458,4.868998
930101,4420918,1.336070
933211,2337097,1.569045
933500,2274542,6.676707
933791,4770895,1.281249
933820,3913870,9.999984
934820,2486212,4.131898
935880,2229477,0.032430
937040,572963,1.159199
937450,699036,9.477875
938690,305151,8.335885
940701,2180196,0.077121
940830,1266051,1.310244
943181,2144938,6.578267
943660,2476507,1.563597
945941,3773965,1.676722
946170,4018180,5.358172
947630,2463604,1.778038
947861,426367,1.565115
948371,2752472,0.626765
948430,2102504,8.338915
949170,2160485,7.495050
949950,1361273,7.993045
951400,1670003,1.750427
954051,2425171,7.370911
957940,1309614,1.171990
961890,449381,0.585525
962940,2534924,7.902694
963341,2534924,8.286709
963970,1753357,0.054081
964111,722868,9.378202
965600,234493,1.847578
967050,2423307,7.998783
967381,310624,8.414098
968211,396779,5.994394
968581,1928144,0.002389
968730,319756,1.714274
968890,2342927,0.000591
970980,2317712,8.953529
971561,200487,8.903573
972600,2770246,0.011478
973310,2407015,8.059357
973721,2439484,2.093114
974951,3182068,0.013588
977951,31099,4.186483
979461,433404,1.689762
981460,380428,8.786682
982680,2133453,7.264694
983410,3174526,9.698323
983530,282916,0.017368
984360,648708,5.995024
984381,281919,7.718395
985070,2167310,7.643595
985370,1770494,2.093114
986460,5168293,9.368374
987321,310397,0.008484
988391,4233082,1.568664
988921,4149298,10.000000
989920,1336574,0.000722
989980,484495,1.462250
990931,3843706,6.389740
991141,588599,7.007617
992020,2551767,0.012923
992240,1556180,9.999500
992420,4233130,9.029740
993960,2301271,8.101911
994150,500241,7.405747
995000,2430664,4.901281
995151,3848248,2.026290
995251,2470125,0.002005
995361,1703909,7.287923
995651,2348040,9.999994
996391,4000258,7.638490
997340,525338,9.136431
999171,3113920,8.679422
999720,4783621,1.816113
1000230,327614,0.025125
1000360,662256,8.871841
1001671,3741781,2.093114
1005021,620289,1.229648
1005571,5917402,1.170141
1005681,1227904,8.318005
1009840,33078,5.784974
1010030,2374653,0.451423
1011381,324395,0.000369
1011611,306399,0.002981
1011810,324966,0.025221
1012170,3996787,0.017368
1014301,2390160,8.113936
1014420,2473078,9.863855
1015811,1280001,1.328973
1017531,3113920,9.999981
1018520,2373399,1.731326
1019161,451550,0.037017
1023461,2325940,0.017368
1024460,3593485,8.278468
1025461,25357,7.453860
1027180,2753592,7.332835
1027971,862842,8.522423
1028271,1301404,0.008453
1028661,2420390,9.796895
1029071,3442984,8.194499
1030971,2141951,8.327251
1031091,1923818,8.189571
1031171,2341532,7.444345
1031881,563371,1.522620
1032200,310604,9.171123
1032691,1118435,8.845005
1032841,3001768,8.262632
1032901,3174526,7.562770
1033460,2321956,9.448171
1033531,2598359,9.875683
1033630,1856623,6.944128
1034341,1303351,8.188298
1035510,2353702,0.936326
1038241,217687,0.000923
1039051,2603159,8.262816
1040561,431399,6.002121
1040660,1222953,9.404046
1044831,504193,9.169478
1050920,2463176,9.202252
1054781,2427616,1.159956
1055350,1462245,7.818895
1057790,3776917,1.573361
1057960,372749,8.240315
1058880,1281959,8.131272
1060421,2186796,1.732377
1061050,3834925,0.683472
1063211,305851,0.000100
1063601,693962,6.929291
1063760,2251427,7.656802
1064071,610015,0.356026
1068081,1724836,7.898459
1070571,1593466,10.000000
1073851,3920092,9.690001
1075671,4755325,7.048026
1076141,1382966,0.017368
1076530,498997,0.001028
1080820,2303346,8.465561
1080981,1379172,8.521447
1081941,2694951,8.868839
1083040,1098150,7.258496
1085330,2240355,0.375317
1093451,2311691,9.412518
1095490,2288708,7.535483
1096960,2406619,9.167257
1097510,388401,0.001620
1100610,2214308,9.999479
1104931,2537878,9.997636
1107300,436461,7.852348
1109290,316533,6.717232
1113380,672664,9.815307
1115050,2177258,9.985371
1116241,476688,9.642657
1118140,3262102,0.150113
1118401,5000191,4.794736
1118461,2575827,6.594911
1121461,3011713,3.969581
1125980,219684,7.986638
1128941,2694951,8.504276
1129990,312223,9.095621
1131460,2548408,7.132088
1132140,113462,9.958970
1134671,450096,8.330290
1135931,2205227,7.953929
1137901,4421068,9.999866
1138710,2192677,6.168893
1139580,572338,3.485476
1140201,614887,0.140637
1140211,2234008,1.595479
1141040,1799746,0.011900
1144631,272375,8.180428
1146140,3605146,6.623391
1146281,556509,7.814518
1146961,3723772,8.000040
1147510,191793,6.639436
1148181,311412,8.813995
1149980,17686,0.000208
1150001,1208914,6.417350
1152440,1928144,6.132974
1154321,2459218,9.840804
1155670,178836,5.227689
1155691,5135062,0.017368
1155730,2220416,8.561158
1155841,2575859,3.819802
1155950,1796985,8.118601
1156160,424233,7.706484
1156470,3901693,9.995483
1157141,1363237,7.663201
1157810,215689,1.840776
1158501,2463719,8.714008
1159090,2243421,9.825434
1159131,2591961,6.763966
1159930,445334,0.000031
1160161,689461,9.332731
1160891,1306528,8.902159
1162481,975284,6.873519
1162851,2221524,1.977562
1163201,2970109,0.002012
1163691,220841,8.379190
1163761,876143,8.673449
1164140,312223,6.276274
1164521,2287087,5.450695
1167181,2236294,9.419913
1168320,30117,7.193777
1170300,2591631,0.004085
1170410,2195097,2.508756
1170750,1766131,9.128819
1171040,1593466,7.640450
1173301,2592020,8.888242
1173360,327556,8.147822
1174330,3758968,9.879637
1178630,718924,0.065035
1179251,2226617,3.482934
1179571,1813651,8.017475
1179601,3956962,8.853045
1180470,2200455,8.811353
1180530,8467358,6.432914
1182391,2452376,10.000000
1182601,625273,4.666146
1183070,556903,9.999496
1184411,3776947,9.769607
1185510,2248720,9.017841
1185671,2587281,8.218029
1186400,2460379,7.002948
1187571,4199350,1.495312
1187620,6555745,1.686996
1187630,2390855,0.017368
1190440,29649,8.355438
1190761,33981,0.000975
1190890,5992732,10.000000
1192120,2348137,10.000000
1194920,748998,7.048026
1195590,466560,6.444986
1196551,2575859,7.827301
1196710,625277,6.612260
1196951,3713641,7.903072
1198441,2574955,9.991405
1200741,2575455,0.000433
1201800,281659,1.630945
1202631,387779,7.637892
1207111,2209477,7.235625
1207310,1957553,9.127056
1209840,1730176,0.003395
1210461,2149094,8.582278
1212391,2335521,0.000224
1213321,1785776,5.623055
1213490,1759372,0.001424
1214591,3912373,0.008024
1214811,4210483,6.517399
1215181,3796639,7.998501
1216370,983043,8.000014
1217090,1224463,8.321936
1218610,5081857,0.017368
1222301,1098150,7.792872
1223530,2259490,9.999556
1223981,473924,8.194240
1225881,2608564,8.200308
1227581,840500,0.013589
1230391,2214305,8.061123
1233631,235965,9.999996
1235511,665181,8.559088
1239211,1000901,5.983101
1240041,1298393,7.390001
1241760,4560877,0.000221
1244101,2195786,9.343067
1245721,4734631,0.002096
1247220,327248,0.710721
1248770,2461005,0.017368
1250291,1960625,7.951847
1251181,531276,1.517528
1251800,3011713,8.710149
1252051,2106821,8.007879
1252360,2476128,1.512698
1252671,543992,0.744158
1252751,1947821,7.771788
1254890,2295644,7.576137
1257011,1138929,9.999833
1260621,1251577,1.513087
1261590,313514,6.917351
1262381,506211,6.367441
1263631,2577789,3.015912
1264360,1296115,7.634569
1264561,4618810,1.419409
1264600,4300666,2.076182
1265410,2531639,9.047649
1265770,3109825,1.940060
1268011,128769,7.777713
1271450,891921,9.203642
1273211,2595339,1.681709
1273760,2146606,7.154507
1274750,2527562,6.935617
1274810,492070,0.017368
1275850,2251423,10.000000
1275871,198007,9.999994
1276181,5273482,0.017368
1276770,2101235,7.184515
1280891,4096822,2.093114
1283621,2351675,6.561767
1285531,2260524,7.941623
1288051,326664,0.019901
1290401,221656,1.582569
1291861,4292860,1.490563
1292020,2980093,8.961515
1292811,232739,7.781688
1293251,484472,9.938274
1294111,445922,7.842045
1295941,2209477,4.071427
1297850,215815,9.820190
1299441,188566,9.990960
1299500,102678,7.497810
1299730,2425766,9.999978
1300040,877888,7.748498
1300051,1739614,8.545266
1300360,1817498,1.413961
1302971,854313,0.000190
1303291,858245,3.105464
1305741,1119822,1.662560
1307320,6346183,0.000037
1307891,312069,0.017368
1309291,2571359,7.933047
1309461,1454145,0.000847
1309671,20,5.808442
1309711,4210483,7.513336
1310160,2251382,9.146295
1310910,492609,1.573867
1312831,971053,7.159056
1313000,4419994,1.598146
1313520,2534924,8.486176
1314121,2057758,9.030350
1315860,4032,6.631694
1317021,2551767,9.064907
1317200,448008,8.193738
1317621,327451,4.304880
1322540,1889060,6.018311
1323321,18628,9.447820
1325220,4712302,1.504987
1325591,1808250,9.305352
1325780,2856193,7.373458
1326331,4583689,1.144968
1330390,219553,7.294409
1331120,625734,6.891416
1331750,619398,0.001571
1332500,2886694,9.963553
1332771,219168,6.659639
1333630,5061274,0.002677
1336590,687266,1.213110
1337641,1679042,8.182339
1337990,3959158,8.960747
1338141,885900,6.348045
1339420,2133453,2.568489
1341161,2444717,0.000031
1343881,1214445,8.535451
1344480,5014516,0.000688
1347441,3756355,9.035884
1347671,2327549,9.226682
1348250,1035814,8.684343
1348580,464417,1.109693
1349220,6841975,7.309531
1349531,6259327,9.999828
1352990,5077927,0.000063
1353860,3026,0.007012
1358751,2369247,0.011018
1360981,420807,0.025967
1362241,498948,9.392491
1362450,486698,0.344569
1364071,3713917,0.003830
1364570,1351759,10.000000
1364741,2482461,7.604201
1367271,186343,7.687744
1367631,4197580,1.570039
1369131,196603,3.716762
1369150,986032,9.588377
1369451,2236451,9.999994
1369500,4421071,7.959280
1371571,450195,9.020679
1373260,2542794,5.604091
1375761,2452390,8.351492
1376501,5076685,0.691806
1376970,1649658,0.000030
1378351,2573241,7.962580
1379311,1198693,7.464549
1379331,681470,0.003589
1379820,106874,8.054123
1381710,2290118,7.391725
1382350,2587700,4.135150
1382470,508630,0.000071
1382510,32520,6.403104
1382630,4563736,0.034388
1383090,433704,4.796951
1383681,317,9.998502
1385271,2936857,9.192940
1385881,848253,9.720924
1389220,264319,0.652073
1390490,2404810,9.999999
1390571,2236358,8.972654
1390860,2437237,8.634595
1392700,4801726,0.017368
1392801,2351675,0.002075
1394150,2309327,7.146658
1394761,2546313,4.800639
1394890,2104285,1.904779
1395251,4255930,1.498327
1396491,2334937,10.000000
1398060,2311845,7.998508
1398300,2214811,3.493581
1400371,2364500,6.391685
1401100,786350,6.641552
1401121,145975,8.898179
1401661,2157823,0.643580
1401711,478660,9.223732
1403360,2216349,6.229704
1403880,1121649,9.047392
1404231,2391259,7.795375
1404340,454352,7.773587
1404440,2467065,1.189579
1405141,224489,7.376135
1405220,2209477,8.687685
1405421,4760008,0.044672
1405431,2460999,9.068319
1405610,476845,1.304263
1405790,5123986,1.369832
1407560,2186305,0.008589
1409571,2371625,9.999461
1409921,321157,4.919050
1410061,2598546,9.827568
1413000,380428,9.117148
1413740,2303477,4.240366
1414981,3954634,9.427599
1415981,463181,8.631335
1416990,4678459,1.299040
1417211,2354461,6.593542
1417341,2539322,8.842958
1417360,2311921,0.000911
1417651,309706,8.834945
1417921,1016104,0.001523
1418051,2433623,8.730739
1418730,431507,8.535971
1421051,1135392,10.000000
1421340,2855884,5.380343
1422000,3534874,9.844789
1423311,2587281,8.685540
1424420,2695924,6.001072
1424641,2309527,7.942111
1424670,1296115,8.491331
1426600,299314,6.727255
1427121,4301413,0.017368
1429970,1285422,7.048026
1430660,2261392,7.641175
1431260,3790435,6.601576
1431341,1609097,9.998675
1431371,2388500,8.010742
1432000,4183999,7.028776
1433200,2213967,8.086607
1433441,2543486,9.137362
1433460,483655,9.973631
1433790,1249436,8.496257
1434091,3774040,9.999400
1436830,2053462,8.046435
1437721,317097,0.721190
1437811,2540493,8.525627
1437820,3061525,0.018219
1437880,4637704,0.017368
1439711,439932,2.093114
1440250,1796985,0.002389
1440310,3262102,9.716891
1441160,1717037,0.003562
1441230,2390160,6.937052
1441661,696139,0.017368
1441730,2604995,7.749551
1443380,2551240,8.772388
1445290,2092314,1.497024
1446781,1362837,3.130677
1447151,1318253,0.000303
1448061,1296116,6.468736
1448111,545762,0.647696
1448391,1679042,7.213353
1448400,3881791,7.951916
1448410,2029701,0.017368
1449110,3847987,1.616090
1449130,1731131,7.996689
1449261,2573197,8.818738
1453551,1376069,6.991940
1454440,1240867,8.766584
1455220,4614520,0.017368
1457031,931342,6.654252
1457210,632089,8.937657
1457671,2356546,4.830240
1462020,2092282,8.003413
1464240,840500,8.152665
1464490,444586,6.340046
1464711,286907,9.675431
1466361,496089,0.073933
1467300,2291653,0.029013
1467360,166897,4.378965
1468191,1360858,8.301237
1468701,4580896,2.088781
1468930,437626,7.989605
1469540,503972,6.896287
1470600,1332296,9.999996
1470720,2333000,1.327458
1470991,2466110,9.997383
1471970,1918727,8.874512
1471981,2368558,7.825023
1472060,4273081,0.000354
1472460,2145027,8.000532
1474061,313148,8.974187
1474801,1093633,7.933774
1474981,2518267,7.927031
1475901,2372666,7.485952
1476930,454352,6.777508
1477180,529,9.999171
1477211,2231328,7.748934
1479041,438402,8.574487
1479251,100691,1.566597
1479380,2249514,7.893028
1480231,5264873,0.016987
1482680,1079,8.311933
1482690,36960,9.926550
1484461,4664971,0.000894
1484781,554183,0.211570
1484841,2215245,6.017415
1485391,305936,1.435079
1486071,1382181,8.561135
1488320,119518,7.413041
1488600,2553404,7.764238
1489361,3893602,9.998531
1489670,6609733,5.537408
1489861,1360858,0.002735
1489981,971769,0.537546
1490940,33078,0.036116
1491431,235066,8.684377
1491711,632207,0.210819
1492231,2180196,8.950268
1492650,428685,8.703462
1493080,1169490,8.306603
1493190,5233591,2.088781
1493771,2324419,8.637644
1494260,482423,5.413985
1494950,2368666,1.786939
1495350,2274542,7.665094
1495721,2579670,7.964647
1496471,2372666,8.506705
1496881,554261,9.999987
1497101,248926,9.320600
1497630,2299015,8.738266
1497671,2878405,6.087863
1498010,431508,6.583930
1498091,2357393,7.275017
1499391,397752,6.886215
1500380,25357,7.520534
1500581,2219783,8.107798
1501960,573120,9.999996
1503951,822326,8.945806
1505120,5267215,0.017368
1505980,2438727,9.999366
1506831,251144,9.774796
1507420,811226,9.963668
1507520,2290898,9.130022
1507720,2429844,2.001985
1507721,2897932,8.581334
1507741,2548176,1.438546
1508830,1345195,2.089731
1509240,2524799,8.691809
1509741,4310110,2.093114
1513781,4563736,1.665697
1515090,1035814,9.529174
1515541,2291664,7.488448
1515630,519201,0.017368
1515711,853529,0.021097
1517321,2285402,0.218729
1517420,504193,6.789926
1517681,1118435,7.248831
1518311,460986,0.085094
1519820,2878915,5.366720
1520570,2524593,7.567601
1520791,2462632,7.865754
1521081,4783177,0.017368
1521251,2470824,9.231682
1522420,1814735,9.037633
1525411,1802662,8.366476
1527060,4421068,9.999327
1527730,4851751,1.620843
1528030,3465547,10.000000
1530070,8369,7.297040
1531440,1930121,8.906904
1533610,5012920,1.444319
1535390,2349719,8.975501
1536321,4096096,1.560959
1536520,2537878,8.243961
1537471,2370751,10.000000
1538311,316274,7.752282
1538650,3917047,8.789264
1539150,2254913,8.677641
1539881,2225251,8.444496
1540201,451874,2.093114
1541801,455217,8.916219
1542771,4771741,1.733560
1543281,2576915,8.845913
1548481,1208914,8.432454
1549340,4393012,0.017368
1550591,1354963,9.994136
1552271,2333366,4.461610
1553480,4629616,1.602178
1554990,30117,8.299311
1557120,2524799,9.428507
1557921,1804972,7.048026
1560980,2311691,9.999833
1563050,1796985,9.999733
1563751,660725,8.683710
1563931,2595425,0.017368
1564120,2649388,7.787785
1564181,2353024,1.460680
1566240,389215,4.228450
1566550,443466,7.944129
1567150,2229477,8.898650
1568240,4575052,0.000055
1571630,4298218,1.504573
1572411,486700,9.492464
1584951,1957882,8.648843
1587291,2359505,7.980069
1588500,308364,9.524873
1588890,2375018,7.997683
1589550,445922,8.137673
1594840,2365720,8.612184
1594941,4173142,9.544783
1595450,1726761,8.522926
1595790,2854876,9.334053
1595990,170727,7.555769
1596501,443493,8.079065
1596710,822326,9.327753
1598070,4421068,9.997268
1598890,2102504,10.000000
1600751,6892,8.316583
1601470,661824,7.339886
1601810,318745,7.048026
1602451,1918727,6.787721
1604570,541088,0.001261
1604710,3116707,10.000000
1605811,2610042,8.330515
1605910,2926774,9.994571
1607631,521290,8.175800
1608721,1097751,1.186588
1610351,4812754,7.634883
1610701,6053000,10.000000
1612551,692537,0.011487
1613280,2146606,8.385700
1614061,431628,0.000079
1619631,887229,6.996884
1619800,2424257,7.986572
1620260,557670,0.002171
1620801,2189592,4.382827
1622980,3419017,1.068822
1623800,2587281,8.641506
1623830,2288570,9.360433
1625550,1122175,0.695407
1625810,4943719,1.121181
1625900,2215214,8.490969
1626450,28302,7.550170
1630370,4005907,0.001431
1630920,215689,8.836192
1632391,3307186,7.937956
1632980,3959167,6.636664
1633870,4411279,1.472137
1633891,1382207,7.640357
1635270,2453142,9.993578
1637121,1083882,8.846028
1637480,3956962,6.347834
1637661,2199464,8.534512
1638111,617505,7.208949
1638360,3706999,2.093114
1639100,2666484,3.776987
1639691,2730494,5.822804
1640210,2599190,9.187392
1640501,2537878,5.790112
1642210,668088,10.000000
1643330,2575023,6.121390
1643890,168799,8.917759
1645400,16205,9.008472
1646200,558522,2.088781
1648770,4393285,0.000036
1651460,1229470,0.000015
1651810,473707,9.495580
1652441,2317643,4.655699
1653110,2548806,7.928139
1658041,410990,7.999473
1663530,478706,0.000412
1666840,2603872,1.715427
1666921,842833,4.155607
1668090,2289515,2.412533
1668121,891910,8.022332
1668440,2470824,9.461656
1669720,4676179,9.391002
1671030,1947821,0.002075
1671091,387779,7.277156
1671280,982766,1.659805
1672401,8467358,6.824231
1672711,4137295,1.848540
1672721,462830,8.233910
1676060,4177156,9.535642
1676301,24722,8.774302
1677560,303969,0.009963
1679250,4370617,0.017368
1679311,2366597,0.000264
1679760,4606522,1.803996
1679811,104220,9.227627
1680741,2599190,8.767193
1681540,2599840,2.093114
1682320,468389,0.117661
1683161,3778957,9.632570
1683331,2381753,9.993517
1683601,2207401,0.017368
1683901,531784,8.625218
1683980,478202,5.583635
1685081,238458,7.970709
1685460,30117,8.867942
1688860,1306020,7.307163
1691231,2407015,6.837952
1692390,492982,7.695396
1692400,5321542,9.996056
1694281,476483,7.695717
1695150,660725,0.005351
1696470,2141951,8.409371
1697150,2062582,9.457341
1697421,2477640,0.000623
1699991,251193,7.206728
1700130,4632535,1.634898
1702230,4819381,2.093114
1702260,2592379,6.135462
1702730,619503,9.999990
1703280,2297476,7.488163
1703590,4621582,2.036819
1704110,4421068,9.999994
1704291,1035814,6.799352
1704610,4673368,0.000317
1705741,1285658,1.465984
1708930,480807,9.999778
1709670,463181,8.229718
1711960,463181,9.166990
1712810,566074,4.498063
1714200,5052328,0.041382
1720721,4127047,7.048026
1724731,554261,9.151653
1727871,3720946,7.991778
1728351,2186189,9.944079
1729081,4583518,0.000012
1729311,2550423,8.723982
1730220,2459173,8.065804
1730730,2371625,7.793723
1731890,572338,7.319054
1733851,2530551,7.816403
1735911,5061001,0.017368
1737920,436798,8.044546
1738921,100089,9.989597
1739161,4173142,9.261318
1739701,2406341,0.006970
1740860,437626,0.064815
1742070,4268824,10.000000
1742101,3113920,9.123083
1742301,852019,1.703754
1742610,4391701,1.530898
1743980,1316976,0.016506
1744270,460770,6.088591
1744680,2371625,7.516084
1745061,6104125,9.953857
1745691,3955375,1.606345
1764401,715,6.352976
1766010,2430664,8.206765
1766441,1764306,7.999998
1773021,2079249,9.912246
1773630,2604418,2.089731
1775240,522421,9.371126
1780840,2538391,7.773418
1781760,119467,8.743828
1783220,4697119,1.921156
1785281,3219967,8.529912
1786240,4300480,7.705583
1787310,2454799,0.000387
1787851,3264577,0.004291
1788031,2939986,8.011724
1790071,2078097,6.372075
1794801,2608413,9.829634
1799501,5146501,1.512675
1800680,3876811,2.088781
1803311,3534874,10.000000
1807100,3269230,1.167816
1807541,443298,0.025477
1808291,10890,7.015133
1808750,1905091,0.000264
1809041,1779866,8.247607
1813590,722880,8.532467
1813990,538999,0.017338
1822541,2993401,9.088002
1828061,2217721,7.970944
1828381,2062812,6.071709
1831800,2146186,7.934273
1832740,2436166,8.543599
1832800,2424823,8.161949
1832881,2388495,7.822824
1833511,5043550,0.017368
1833561,459327,2.078342
1833950,4634107,1.369443
1834820,2212806,8.771672
1834950,2878855,9.724799
1835040,2577789,9.403734
1835081,4300462,9.998933
1835280,2855431,8.747322
1835500,2808394,7.395153
1836360,2146186,9.311208
1837101,1918727,4.054099
1837370,5108425,0.017368
1837871,2170994,5.948245
1839580,1892427,7.601822
1839640,3469789,0.017368
1840301,3113920,9.230269
1840661,4902,9.562362
1841631,428685,9.195583
1842161,540323,3.061770
1842261,2242013,7.998304
1842701,822326,4.520648
1844140,971769,8.066222
1844550,2055085,0.017368
1844981,440003,9.999994
1845130,190723,4.865177
2297510,5685325,1.900376
2297670,313569,9.959003
2312641,562913,9.026045
2316121,2277143,7.993586
2316560,2259490,0.006967
2319700,1281171,9.033275
2321951,2356900,8.319104
2323781,188566,10.000000
2329461,822326,8.973155
2331600,1732057,5.606083
2342490,984430,9.992870
2344781,3767812,0.000009
2344981,4257349,9.999828
2351301,2449000,9.999828
2353921,8336450,0.713656
2354790,4640554,0.001017
2358260,1794170,8.159977
2359080,4802188,0.001450
2361710,2573241,9.419332
2363550,2238862,10.000000
2367140,4686937,0.000784
2367290,5454583,0.000038
2369101,4191457,0.000768
2373091,2145440,9.699050
2377721,2429933,1.281265
2381160,1281273,7.990464
2384781,190497,7.997029
2385901,102657,0.017368
2389981,2607560,0.030246
2395180,4558900,0.000851
2396120,2244797,9.589165
2396981,549865,0.000526
2401601,223969,8.860722
2402000,2599190,9.999996
2403241,3770299,7.999914
2407900,3837547,1.227427
2410610,445171,9.809631
2412711,709925,5.601182
2423930,253884,7.619713
2429331,2339675,6.267790
2430830,434711,9.317318
2434491,2550124,8.881245
2441870,10480,8.690170
2443970,4025416,1.266564
2444810,1785306,2.093114
2449291,1931718,1.560959
2453980,15426,8.913830
2457480,4829983,0.017368
2458231,2588406,7.315153
2462170,2300795,6.848583
2467790,5841793,0.017368
2468960,2563979,8.223965
2471630,5223811,1.228027
2475591,2897803,9.437439
2480520,2989900,10.000000
2487621,4370920,1.892961
2494870,215689,8.606401
2506331,716862,4.624513
2507521,2165412,9.997082
2510851,4851130,1.688418
2510891,2374653,0.002863
2511360,1377706,9.693479
2515891,2614362,9.999996
2515990,2016030,0.002863
2520320,100416,8.302899
2523450,4558900,1.956204
2524790,247954,9.052148
2531971,2241332,3.035902
2538780,4673368,1.123605
2541290,2759493,7.307701
2544510,3458797,5.942804
2547981,2521532,7.998002
2549151,4421068,9.999500
2550671,186343,6.315461
2551380,4383058,1.484579
2563381,2145341,9.225108
2564160,2452390,9.305515
2565181,4283155,0.024184
2567091,438876,9.998904
2569491,1202451,9.996489
2570321,4399399,0.017368
2574130,2248280,1.473827
2575901,873122,7.184332
2579460,541289,7.255612
2584661,320609,7.041179
2584960,2542169,9.572192
2586671,2572468,1.278156
2591021,5428,7.330874
2595031,2341532,10.000000
2595980,5032867,9.476124
2599570,2993401,5.448967
2600451,535707,8.704807
2600511,2186305,9.150162
2601571,4119634,8.649922
2601810,2229477,7.811291
2604521,4044049,1.499118
2604561,3762160,1.590485
2604840,744620,9.733531
2606090,140,5.741730
2606281,2443673,8.776858
2614430,4393492,2.089114
2615591,4886755,1.676722
2619701,19286,9.127684
2621730,2062812,8.980480
2623380,461591,9.219834
2624271,314889,5.169442
2625031,2524340,9.558973
2626851,2186305,6.987404
2627411,2574481,9.999256
2629600,2209477,7.233449
2630250,2601102,8.403501
2633071,31722,7.999153
2635140,2525992,1.623796
2638440,2591539,9.999994
2642530,2601614,1.262642
2644040,2361922,9.972214
2646251,2351675,8.996637
2648940,1826135,0.003464
2652260,2286863,7.523495
2653311,4380253,4.123349
2658181,1680892,6.002034
2668291,1117445,9.068320
2668341,536695,7.990680
2669460,387779,7.287229
2673700,2195039,1.165161
2674310,166554,7.639289
2675741,2287767,8.511684
2677230,617505,8.511032
2678960,438835,0.208772
2680601,2993452,9.999882
2681021,2476631,9.494291
2681120,494233,9.428038
2684751,1256088,0.032758
2690160,4127287,5.466494
2690220,1377726,7.994335
2690391,2204362,9.114248
2691220,1747983,8.428181
2692230,24638,0.000199
2694141,652226,3.573406
2697681,118811,7.735955
2697950,2540482,8.775316
2714980,1670299,0.014460
2789110,1751998,1.523531
2793641,464939,1.703323
2795161,4368337,1.529220
2811810,2473078,9.999996
2834851,1720918,9.333876
2838640,2912107,1.491728
2842290,2537878,9.101303
2843490,2372196,9.679504
2847501,1751449,2.083629
2847821,3068173,0.000026
2851711,2369247,8.802996
2855940,4400638,0.000031
2856921,1486410,8.556889
2857910,442320,9.999996
2858141,554183,9.260493
2858581,440702,8.632137
2860560,2592594,7.048026
2862051,449072,5.637947
2863631,2523793,6.550102
2865491,173943,8.187961
2870001,221096,8.639534
2874981,6294862,4.227710
2876021,2042862,8.714240
2877191,2550124,8.167302
2879401,1298393,0.011179
2880350,3708715,2.093114
2885230,3759658,9.999828
2885370,2427627,9.512487
2886341,588599,7.921101
2886600,303969,8.390745
2886861,2485599,9.522735
2886920,317337,6.860995
2887400,140792,0.701757
2888221,2195789,0.041292
2889260,5022865,0.017368
2889711,5075125,2.088781
2891660,98184,6.629307
2892070,870679,2.089065
2894640,760478,8.000232
2895381,2249460,7.732310
2896020,632196,0.005397
2896880,3083248,4.468157
2898031,2323741,7.324910
2898051,5220724,9.447755
2898350,5165926,1.704348
2898741,717567,0.000999
2902031,1753284,6.765375
2902341,32118,8.001078
2911881,7804328,7.939840
2912011,1462299,6.082613
2916770,477223,9.999984
2920220,4018390,4.430016
2920980,1305985,0.017368
2928050,1292132,8.604488
2929340,2347597,1.956204
2932540,1814735,8.752179
2934380,7804328,9.199876
2934861,2200379,1.878504
2937461,114997,2.088781
2937651,125503,0.000045
2942531,1295449,0.024316
2943480,4771996,2.093114
2946350,120035,7.283593
2960980,1609097,6.689719
2970390,519170,7.160801
2970521,2324419,8.350293
2972471,1885338,8.275219
2978360,196603,0.009145
2979761,1766548,6.847846
2983020,2537878,5.790112
2984801,1469624,9.001557
2987551,686465,7.913263
2992161,1377726,8.962649
2998500,1977083,3.620969
2998771,546793,0.285757
2999960,466560,7.944591
3002350,1322761,7.681359
3004381,316274,6.900641
3005761,986361,9.138486
3007260,5428,8.726083
3007710,3419017,1.889359
3009511,4308124,10.000000
3009560,4697119,0.017368
3012961,3792088,1.268747
3013001,3229138,7.445169
3020290,2713522,9.135165
3030851,1681174,8.001266
3039770,4552675,0.017368
3040371,2713522,8.324092
3040470,477223,4.557399
3050831,2142446,6.925920
3054960,2713522,5.633303
3056611,3992401,0.000336
3056640,1952676,9.025035
3056671,2428706,9.982873
3059290,4902,8.914386
3062221,2448386,6.052849
3065120,420807,7.521971
3066130,15088,8.604106
3068801,399003,9.048752
3069060,2349042,6.760027
3069070,4611985,2.093114
3071380,2449615,9.999233
3072950,485757,9.768859
3073921,2197478,6.589874
3074761,4044034,9.787233
3079010,4562749,0.017368
3080131,528,4.227729
3084300,200121,8.992495
3087570,3989002,1.781112
3088130,281792,5.451208
3088850,2465183,8.823744
3089611,1960625,8.769334
3094251,317,8.362691
3097081,117529,4.831830
3102090,2483034,6.892858
3102581,2599190,0.004034
3105531,2891776,2.088781
3106311,6155170,9.028809
3106721,1808250,8.986761
3106771,5121154,0.745757
3107130,4539343,1.174716
3107191,1346268,3.332620
3108051,488913,6.844737
3108360,3156268,9.676240
3109541,2159539,0.101405
3109641,2215257,7.999521
3110281,2456216,7.048026
3112481,2601867,6.612488
3114761,223088,9.988728
3115880,553720,0.017368
3117380,2454485,0.002487
3120681,2693031,7.864541
3120931,1298384,1.578936
3122121,3843706,9.138375
3123121,2855341,7.147189
3124160,319070,1.204046
3125790,2287669,6.942732
3126381,399718,8.389022
3127870,2054930,6.368621
3129491,4596430,1.171552
3130351,1462299,8.063759
3133360,4782202,0.017368
3133391,5135188,2.093114
3134291,2351675,7.469433
3134540,4195246,1.314065
3136640,2286847,8.343411
3136710,2102504,6.950158
3136930,1799788,8.179606
3141020,2523793,9.940758
3142450,4021843,0.017368
3143540,2573197,8.673302
3144260,4400638,1.175741
3147540,128769,8.199852
3150610,452832,8.369278
3151090,3736399,1.286583
3151860,2378721,7.048026
3152820,2893579,9.999667
3154960,716862,8.203134
3161031,25296,8.860915
3166190,3733756,8.742074
3167081,361725,7.506894
3168920,173212,6.885280
3170211,2168146,8.545616
3175530,5168293,8.999073
3175571,1350395,0.004923
3175590,4811746,2.093114
3176121,1336574,0.000099
3176440,2287749,7.214320
3178171,2854555,9.999833
3180100,485757,9.900003
3180111,166211,9.158450
3180500,1910003,9.990118
3180740,3004900,0.000936
3181140,4682398,0.003999
3183381,987736,7.540336
3187131,4611985,2.088781
3187900,2525028,7.438994
3187971,1680892,6.445694
3193391,2474870,8.560782
3193751,4300483,1.338278
3194111,685915,8.818575
3194741,3184168,0.680379
3195511,1319281,6.455068
3196210,3308938,9.678712
3200451,2592020,8.545654
3200491,2390160,0.060673
3201751,8369,8.000222
3201830,305091,6.164499
3202070,3714493,0.001812
3202141,2339679,8.488179
3302401,2292918,9.273020
3303550,131985,1.217966
3305791,1593456,6.586672
3307180,1239169,7.904070
3315490,2295424,9.287572
3317131,2918173,8.071789
3321391,700514,8.396947
3324010,2145220,9.999462
3329881,3903655,5.654343
3330490,1446974,8.710463
3339631,23204,0.022867
3347371,1113599,3.427294
3360301,2254200,8.715268
3360331,4421068,6.976843
3361771,385786,7.999490
3363661,1228057,8.231956
3368881,3758968,10.000000
3374041,3769642,0.000458
3374761,458895,10.000000
3380500,2443673,9.349674
3382231,4421068,9.999667
3382411,104148,6.886251
3384010,2454485,7.513493
3388381,1379194,3.387953
3389641,2609202,10.000000
3394201,2591988,8.380479
3408820,4638511,0.011831
3419380,1852256,1.710328
3421561,2141974,8.847094
3422620,1227979,8.469074
3423121,305876,8.953113
3425281,5094865,0.008179
3440851,2390160,7.150913
3443980,2226662,8.014290
3450910,3989056,8.308369
3454441,1096031,3.179148
3458350,452668,6.189097
3460951,5056381,0.017368
3472930,2350989,8.996840
3474271,2548806,7.730713
3503800,2473996,5.893680
3507820,272375,5.988989
3508750,2854876,9.560112
3509101,2347552,7.993176
3509191,308038,8.419799
3514531,2912968,2.005041
3518650,840112,7.963463
3527350,255922,9.022188
3528481,18628,9.532921
3529810,5077927,0.017368
3540370,166031,8.612074
3540460,1876718,9.767025
3555241,4107142,1.676722
3560581,3852310,0.014810
3562450,1370381,1.285370
3568450,2587700,8.444625
3570991,4784812,0.002137
3571381,4421068,9.997328
3571441,4576630,1.136442
3571870,680470,0.017368
3577540,448765,8.852623
3581920,2334514,2.539697
3582961,321323,6.598977
3583561,4407451,6.591317
3590641,215689,8.890267
3601231,270680,6.387916
3607411,325507,0.070886
3615370,1230448,8.141595
3616300,2350673,8.424884
3618121,3156262,5.300142
3634300,532060,7.084318
3635401,2444108,9.075770
3636640,998313,8.475630
3640591,4398304,0.089085
3642760,1121649,8.608909
3644830,180632,7.911091
3646711,1802692,9.988095
3650971,2273687,7.999275
3660130,531550,9.998778
3660160,505886,0.004698
3661201,212216,8.589265
3666310,24722,0.001154
3672490,2808394,0.030128
3676060,2477602,8.300429
3677500,488913,7.304904
3677851,1609097,8.635424
3677860,4640554,1.182788
3678850,4197451,10.000000
3682591,2291653,7.674741
3682900,316274,8.961990
3699481,1050740,6.825771
3702211,2575023,8.577837
3704311,584,9.133340
3704491,2240792,9.997369
3710791,1960625,8.040342
3729001,4369537,0.017368
3745471,2236323,8.736717
3753571,126927,8.586411
3757831,1902534,8.356499
3761881,3465649,6.806083
3764461,433856,6.173632
3766540,2357136,0.010796
3771571,4169962,2.093114
3772261,3061525,1.649213
3773071,431152,9.149531
3784681,2578149,1.495437
3787261,3872134,1.804072
3789271,2051720,7.973167
3794401,5041,8.543899
3796321,2053444,5.592372
3800350,305413,5.700651
3803971,554261,8.547113
3806041,1549182,7.918126
3812911,4908796,0.825545
3816721,459282,9.544172
3819751,2354756,8.254599
3825751,5020540,2.089114
3825811,2683142,8.054601
3833041,477537,0.001106
3833191,550580,8.094451
3834760,5143300,8.161125
3838891,1796985,1.866357
3839701,4560514,2.089114
3842350,2236358,5.413496
3842590,2348471,9.176505
3843271,1100906,9.946709
3846790,1856383,5.874045
3847120,2358,0.017368
3847921,2429152,9.916927
3848881,459282,8.902503
3849220,446229,8.640700
3850411,2539202,8.994587
3852280,462365,9.998282
3855481,443649,7.065730
3858091,2601614,0.696539
3858190,2589482,1.475476
3862111,168914,9.497789
3866131,475407,7.048026
3869050,2209477,8.631201
3871861,3756355,7.430306
3875881,563127,8.967801
3878470,4768465,0.000965
3879061,451748,8.570361
3880300,458214,8.837801
3880630,199268,8.002386
3883780,86,6.559428
3883930,449274,8.640167
3884911,400387,9.493611
3886780,2254567,7.926113
3891481,2371215,8.578036
3893251,1609097,7.647714
3898711,2284142,7.779372
3900661,2599190,10.000000
3902680,2407015,5.947046
3907441,463181,8.120324
3911290,2474458,9.999504
3912061,3693250,8.547623
3915451,410990,7.857592
3919510,2477640,0.681724
3920170,1834888,9.999222
3920311,2694951,7.830891
3922141,3116707,9.999989
3922270,420807,8.134238
3927331,850609,0.013472
3934270,1653700,0.002978
3936241,2088040,6.976944
3940390,2101235,10.000000
3942100,2871811,8.455257
3943480,308364,9.998280
3944350,296492,8.550335
3955471,233184,6.809951
3962890,507057,6.050056
3983350,459282,9.159788
3984490,12430,0.051030
3987910,99345,7.795992
3991510,2454485,8.289951
3996820,2614362,8.883395
4000480,465007,5.676215
4006501,4435171,0.000412
4012831,1947821,7.710454
4013341,320664,5.860830
4014661,2334769,9.218842
4024150,460012,7.512947
4035181,6078246,9.068216
4050091,1941429,9.998852
4050691,2301028,9.210011
4055560,1130783,8.449965
4056700,432773,8.022986
4078030,2599190,0.004034
4078381,1928144,9.010850
4084780,556903,0.000332
4105051,454134,7.826044
4115101,218833,9.025411
4127050,536900,9.606207
4140601,2473276,9.849299
4140871,103821,0.017387
4141480,320664,9.092398
4142281,470346,8.957597
4161121,450195,8.802028
4162051,4393630,0.050613
4163611,2854876,8.874209
4166071,4320190,7.718819
4209511,2759493,8.907499
4215130,4421068,6.976843
4216051,2450736,5.827593
4219570,3307186,8.447541
4221481,2485114,9.996732
4229380,4629616,1.798529
4233691,4018180,5.667488
4236970,962437,0.025822
4245430,2573193,8.558035
4246810,2259919,6.938422
4253380,253112,0.021967
4254211,2309718,0.006806
4268191,2563979,6.217295
4268551,2573241,6.619152
4268770,4149298,9.999828
4271761,1510600,9.986563
4278331,165448,8.154836
4278391,447400,7.666267
4280311,709360,8.379783
4284241,2470824,8.063606
4288090,2298263,1.786939
4289221,212216,7.939930
4292731,2368368,1.662437
4299910,2817520,1.943782
4301551,3248611,9.703614
4310971,2312916,9.822116
4323001,486630,9.983988
4325041,2295755,0.050092
4334830,1836702,9.472589
4336951,2295424,7.783764
4339750,2064647,0.001728
4355401,4782199,1.479939
4360141,2575351,1.516071
4362070,2193128,3.854658
4370401,434096,8.676181
4372681,25357,8.633325
4376950,854210,7.702741
4383640,3075385,1.698685
4385551,1902448,9.973036
4391131,4908796,0.000294
4392121,1796985,6.848448
4393621,310397,4.330940
4399300,2541759,7.599732
4403230,2537131,8.000546
4413610,24722,8.832329
4414831,2539268,6.903353
4424200,470603,8.397543
4427920,3160129,7.048026
4437091,3989056,8.780105
4438300,4399000,5.447361
4441291,2550430,0.005735
4444120,419262,8.824314
4454581,2368325,2.555454
4463281,3113920,0.002735
4465660,254727,6.541202
4466491,131005,9.279582
4467691,1968254,0.002226
4468210,454358,2.730700
4474021,1319281,6.417414
4484281,692435,8.367412
4487371,1035814,8.339701
4496551,870594,9.374564
4499701,4421068,10.000000
4499740,2427627,0.109816
4523140,1293198,6.267790
4526860,247330,0.045102
4528621,4019920,7.325933
4537801,443298,7.889005
4543810,2308812,7.015667
4554961,3994384,9.999753
4556641,324999,1.535264
4570021,2375878,8.653224
4571680,6034,9.998662
4594990,2466103,7.403362
4600180,2737394,3.442325
4600420,2436166,7.886471
4600660,2989726,5.598294
4601761,1716312,8.867031
4606720,215689,0.001033
4611910,465150,2.307096
4615510,2318816,9.132657
4624381,1831338,8.913983
4628590,2379664,5.993614
4629031,446010,9.930753
4641700,867246,8.279160
4643521,2460999,7.003216
4648000,2360253,9.997082
4648120,525259,6.146178
4648630,2131332,8.030593
4649500,2108430,9.996821
4650070,531902,0.002056
4650841,2570731,6.007698
4652140,1325450,8.681673
4657531,480575,0.017368
4658110,2930500,8.811350
4663990,1727705,8.703209
4665430,1332924,0.001381
4671061,4235479,1.230754
4671571,5143300,0.003068
4674700,32181,1.772494
4676080,2370485,0.000485
4678450,3912373,0.000589
4678780,3270286,9.999972
4679530,2499205,0.017368
4679731,4748464,1.889359
4680391,224489,7.973556
4681900,2883868,9.998659
4681981,2854876,9.643698
4682071,2430403,8.889073
4682440,4813621,2.093114
4683370,2607217,1.031468
4686440,2470824,4.148683
4687060,1093636,7.212563
4687210,4421068,9.999822
4688020,1354670,0.000058
4689280,2485076,0.017368
4690171,2233630,5.378568
4690330,1968152,7.890388
4691650,4338379,0.017368
4693501,4798333,0.002488
4694800,2145197,8.194989
4694941,2580021,9.753765
4695001,2599139,0.010265
4696090,1819862,7.981180
4696891,4807633,1.765016
4698151,1101948,10.000000
4698691,212216,8.593811
4699390,2808394,9.150671
4699960,78643,9.166628
4700050,8369,8.708421
4703110,4268824,9.999972
4703131,722880,9.402697
4703170,399718,0.008278
4704391,574430,8.977025
4708210,2274734,8.668385
4713070,1829987,5.451208
4718521,3174526,8.157627
4719331,1366582,9.536363
4721401,2209477,8.052509
4725961,2759493,8.322550
4730461,1334597,9.998041
4731061,313514,8.283934
4731550,2573241,0.041219
4731670,1082400,0.005496
4732540,249020,5.601182
4732921,4611985,0.017368
4734691,464534,0.448114
4739281,2580687,9.999586
4741561,2534942,9.816302
4741960,2576730,0.016239
4742851,1761924,7.485970
4743691,2469397,7.619010
4744471,186343,7.548070
4749160,1105056,0.001585
4749580,1088585,0.033931
4750660,562513,9.551831
4751191,31099,8.169720
4753930,867177,5.306455
4755970,2602071,1.423665
4757551,443466,8.676825
4762690,536767,6.856518
4764901,317849,9.756258
4767091,4535863,2.093114
4767781,1345763,9.165016
4771381,389215,9.999895
4786231,2473276,5.889763
4788031,2596999,5.451208
4803541,2216349,6.955313
4807021,2494167,0.003068
4807060,2129220,8.811932
4811830,1897536,8.061800
4814521,2607835,0.007166
4820020,126927,9.084739
4821211,496089,7.524165
4825291,2534924,7.732000
4827451,96964,9.608857
4829590,1856383,8.968725
4830661,78637,8.214380
4832551,2905483,5.281158
4841491,2286863,7.271334
4844911,3110287,7.048026
4850920,2854909,10.000000
4851481,211163,5.451208
4855051,10480,9.703248
4856011,963118,6.877880
4857040,4631788,1.563690
4862041,912823,8.998827
4864270,3839527,7.838735
4864900,2341451,0.000378
4865221,1820546,9.451823
4877980,2527069,8.086313
4887091,443473,9.178165
4900150,351403,1.906555
4900561,4147033,7.048026
4903531,459282,8.816505
4906111,2107,5.624917
4912771,607103,9.334851
4912780,305091,8.218794
4913221,2281291,0.000067
4913881,2467103,9.862411
4924300,315793,9.003821
4927321,218833,6.818767
4927801,5194960,0.017368
4928461,2580687,9.675013
4930390,5198926,6.728877
4931401,716134,0.002173
4933261,2287671,7.921938
4939030,166554,6.054333
4948480,2605895,0.000047
4954711,2576226,1.489781
4955911,2905483,9.995853
4959661,6841975,8.880952
4963510,2180196,9.796449
4967080,2177258,6.187639
4970800,4874203,0.017368
4973020,2195786,8.303596
4974970,3913879,9.999777
4977691,2896486,2.093114
4981021,2259945,1.522421
4981321,1101948,7.963009
4986211,2587259,9.986339
4991590,2186305,9.731724
4993750,3730834,9.192732
4995370,2259510,9.999104
4995931,308810,0.660114
4998811,2101235,0.008833
5011291,7739588,9.040167
5014060,211217,7.107438
5022121,113710,3.127038
5022910,2472795,9.251839
5028550,691258,6.771957
5030191,722880,3.356416
5036530,843803,4.716631
5037001,1330247,9.999407
5038921,317968,8.699272
5040391,2445599,1.655597
5042080,2897803,7.912680
5042491,681803,0.001723
5045080,2129220,8.622314
5045251,5679028,0.003278
5048761,2603306,4.141994
5054410,854210,9.222936
5058181,2603531,9.266175
5060731,463181,8.819015
5073751,3610228,0.015711
5076391,2286863,10.000000
5086690,2349719,9.999537
5097310,4783621,1.890110
5098090,2450614,9.597425
5102770,2754294,0.017368
5107651,2273687,7.992588
5107780,1796985,8.061562
5111740,2588406,6.635046
5113261,2930800,7.996084
5113801,520845,0.006722
5121520,1990404,0.021367
5123071,103890,8.539390
5123110,2433873,6.988387
5127031,4296253,1.598146
5128060,2203815,1.482318
5128630,1757592,9.101897
5134570,554183,9.864324
5138101,4018390,0.006349
5138401,2019613,8.336909
5146870,1073705,8.069461
5153671,541307,5.512688
5155060,1796985,9.132015
5159860,2477554,6.618842
5160541,454358,0.031946
5170471,1773733,8.152999
5174431,4778437,2.093114
5175100,2344254,8.594368
5177371,1796985,6.866792
5181271,8369,9.796854
5184070,3442753,0.017368
5184580,2759493,7.247109
5186281,4183798,0.017368
5196790,2454970,8.947389
5199220,2770245,10.000000
5209240,458860,7.246284
5213710,2530462,0.029459
5216050,4183798,2.088781
5216110,4183798,2.089114
5216170,4183798,2.089731
5218531,621624,7.286551
5219611,4183798,2.089065
5219620,4183798,2.089065
5222350,3113920,9.999977
5225401,3156229,1.728700
5238070,206553,8.853819
5239690,2389784,5.834860
5239750,531001,8.257143
5242030,308362,8.001891
5249170,2371625,0.000932
5251261,312875,9.989949
5252791,474003,6.905867
5254690,4127287,8.555414
5255641,460127,0.022651
5268901,1215868,0.019913
5277361,5000536,1.527231
5280340,2438333,3.965360
5282440,1593477,8.219006
5296450,446229,0.015916
5305690,1753316,8.931800
5306350,2409026,0.022001
5310751,218833,9.031898
5311180,2466103,8.722489
5314900,3442984,8.255064
5320930,485732,8.849748
5330830,3795157,7.590045
5331181,2883667,0.017368
5331301,2193265,9.518231
5335171,2537999,9.927868
5336080,5144344,1.598146
5348020,449274,9.291349
5349850,2580688,9.147066
5356921,4421068,9.999352
5360251,2312916,8.854230
5363491,439491,1.063221
5368831,625734,0.003068
5370310,2985898,9.999997
5371171,1122607,7.817523
5372080,173309,9.989279
5372320,3739819,9.728670
5373781,4575061,2.088781
5386981,2450614,7.407097
5393431,2588712,9.999519
5393830,2307589,7.595375
5396581,2575023,7.195992
5397760,321150,0.017368
5404870,2830777,9.999549
5405620,305091,9.011401
5406490,5093221,8.394863
5414530,1379172,7.845759
5422831,6094612,0.017368
5429080,995330,1.531486
5440621,2601614,1.583258
5440891,4834366,8.814590
5442040,3036901,8.884300
5442871,326893,8.894747
5443831,2298584,0.661431
5448541,3419002,9.999994
5453050,181149,6.520207
5453401,1201840,8.638778
5456560,4204885,9.999555
5458231,2301068,8.049173
5459350,2469397,9.249405
5460211,2939866,1.507470
5460610,628495,7.983666
5461741,2381753,7.387177
5463310,2550430,8.663438
5464870,4421068,9.995827
5473591,6034,7.961197
5473681,2246213,0.017368
5474191,1380964,0.007595
5474311,2338203,8.459026
5480611,4705573,1.125310
5482000,105269,9.981620
5489131,2301594,0.001456
5491921,3910687,2.093114
5492791,11936,9.480931
5497810,453395,9.979087
5507371,2478432,9.999108
5508211,2321956,8.718000
5508901,1020453,1.658043
5512261,2285231,1.517909
5515060,496905,1.707685
5520280,307422,7.952788
5520820,3782353,1.781112
5522080,5075125,0.017368
5522461,4249822,0.017368
5527021,1462299,4.412479
5529511,2187406,8.553725
5531611,4175653,1.121594
5533570,2165949,0.017368
5536591,2250220,6.502339
5538841,2855431,8.734924
5546530,4282375,1.157217
5553031,1367817,5.698858
5560810,850815,7.547004
5561320,2855920,0.017368
5563930,446229,9.432454
5564161,3075385,1.598146
5564671,2292891,8.998821
5566000,1895551,0.005957
5568361,2759493,7.225299
5575060,2989726,5.598294
5578741,1231287,0.017368
5580151,2127917,2.088781
5583121,2295424,8.809048
5583181,2101235,0.008833
5587660,4760008,2.089114
5588191,458860,8.102340
5590291,998089,0.004197
5594200,15148,7.975345
5594650,3113920,9.999977
5594860,100178,0.017368
5595460,2142446,0.006667
5598511,1380964,3.363201
5599570,4370989,2.088781
5603050,491017,7.998998
5609221,2854876,5.127034
5609881,2494167,9.777913
5616100,4735141,6.903353
5616181,2332590,8.727379
5620180,2391259,6.762598
5628160,3959167,8.920395
5630500,1796985,8.808583
5632561,3959155,9.999994
5639320,3853426,0.017368
5646511,6073047,0.006431
5647540,36960,0.037730
5647951,1360858,6.054289
5652481,254094,7.048026
5661250,1609097,8.253765
5661880,5256244,1.148273
5675251,2241334,1.176412
5675701,7804328,8.587625
5689120,2215170,9.996810
5699230,4627999,1.128879
6459040,443150,8.499553
10335850,2435229,0.000039
10987250,1753284,8.403036
